"","mpg","cylinders","displacement","horsepower","weight","acceleration","model_year"
"mpg",1,-0.777617508126022,-0.805126946710457,-0.778426783897776,-0.832244214831575,0.423328536902787,0.580540966090785
"cylinders",-0.777617508126022,1,0.950823300827782,0.842983356918658,0.897527340340817,-0.504683379348644,-0.345647440338085
"displacement",-0.805126946710457,0.950823300827782,1,0.897257001843468,0.93299440408901,-0.543800496734567,-0.369855206675179
"horsepower",-0.778426783897776,0.842983356918658,0.897257001843468,1,0.864537737574143,-0.689195510334236,-0.416361477099988
"weight",-0.832244214831575,0.897527340340817,0.93299440408901,0.864537737574143,1,-0.416839202003707,-0.309119880830816
"acceleration",0.423328536902787,-0.504683379348644,-0.543800496734567,-0.689195510334236,-0.416839202003707,1,0.290316113336519
"model_year",0.580540966090785,-0.345647440338085,-0.369855206675179,-0.416361477099988,-0.309119880830816,0.290316113336519,1
