"variable","cor"
"mpg",1
"model_year",0.580540966090785
"acceleration",0.423328536902787
"cylinders",-0.777617508126022
"horsepower",-0.778426783897776
"displacement",-0.805126946710457
"weight",-0.832244214831575
