"origin","n","mean_mpg","median_mpg","min_mpg","max_mpg"
"USA",245,20.0334693877551,18.5,9,39
"Europe",68,27.6029411764706,26,16.2,44.3
"Japan",79,30.4506329113924,31.6,18,46.6
